use services_payment;
insert into services values(203548,
							'безлимитный интернет',
                            'абонентская плата');
                            
insert into clients values (1025687,
						    'безлимитный интернет',
                            '21.02.2006',
                            '380665964253',
                            'Иванов Виктор Петрович',
                            'ул. Петровского д.23 кв. 60',
                            'Харьков');
                            
insert into clients_balanses values(1025687,
									2,
                                    2008,
                                    23.12);

insert into payments values(1025687,
							5,
                            2007,
                            'авансовый',
                            40.89);
                            
insert into debts values(1025687,
						 7,
                         2009,
                         203550,
                         25.35);
                         
insert into services values(203549,
							'100 СМС бесплатно внутри сети',
                            'услуги SMS');

insert into clients values (1025698,
						    '100 СМС бесплатно внутри сети',
                            '14.06.2003',
                            '380509832149',
                            'Петренко Алексей Викторович',
                            'ул. Иванова д.48 кв. 12',
                            'Харьков');
                            
insert into clients_balanses values(1025698,
									5,
                                    2007,
                                    15.00);

insert into payments values(1025698,
							8,
                            2009,
                            'платёж диллеру',
                            50.99);
                            
insert into debts values(1025698,
						 12,
                         2010,
                         203550,
                         255.5);
                         
insert into services values(203550,
							'100 минут за границу',
                            'исходящие международные звонки');
                            
                   
insert into clients values (1025656,
						    '100 минут за границу',
                            '6.01.2009',
                            '380992512369',
                            'Сидоренко Алла Виталиевна',
                            'ул. Артёма д.58 кв. 160',
                            'Харьков');
                            
insert into clients_balanses values(1025656,
									9,
                                    2009,
                                    56.02);

insert into services values(203555,
							'200 минут из-за границы',
                            'входящие международные звонки');


insert into clients values (1025657,
						    '200 минут из-за границы',
                            '6.01.2009',
                            '380992512380',
                            'Сидоренко Алла Виталиевна',
                            'ул. Артёма д.58 кв. 160',
                            'Харьков');
                            
insert into clients_balanses values(1025657,
									9,
                                    2009,
                                    16.02);





insert into payments values(1025656,
							10,
                            2005,
                            'скретч карта',
                            60.00);
                            
insert into debts values(1025656,
						 11,
                         2005,
                         203550,
                         45.85);
                         
insert into services values(203551,
							'150 минут внутри сети',
                            'исходящие внутри сети');

insert into clients values (1025632,
						    '150 минут внутри сети',
                            '28.11.2012',
                            '380501180806',
                            'Самойленко Игнат Борисович',
                            'ул. Сумская д.55 кв. 132',
                            'Харьков');
                            
insert into clients_balanses values(1025632,
									5,
                                    2013,
                                    40.00);

insert into payments values(1025632,
							6,
                            2012,
                            'платёж диллеру',
                            150.0);
                            
insert into debts values(1025632,
						 5,
                         2010,
                         203551,
                         36.05);
                         
insert into services values(203552,
							'100 мб интернет',
                            'абонентская плата');
                            
insert into clients values (1025610,
						    '100 мб интернет',
                            '08.12.2013',
                            '380502036984',
                            'Картошкин Сергей Анатолиевич',
                            'ул. Ленина д.156 кв. 58',
                            'Киев');
                            
insert into clients_balanses values(1025610,
									3,
                                    2012,
                                    78.00);

insert into payments values(1025610,
							7,
                            2002,
                            'платёж диллеру',
                            15.50);
                            
insert into debts values(1025610,
						 7,
                         2010,
                         203551,
                         135.0);
                         
                         







